{"cameraMode":{"drawMode":0,"name":"Shaded","section":"Shading Mode"},"sceneLighting":true,"audioPlay":false,"sceneViewState":{"showFog":true,"showMaterialUpdate":false,"showSkybox":true,"showFlares":true,"showImageEffects":true,"showParticleSystems":true},"in2DMode":false,"pivot":{"x":6.392585754394531,"y":28.51835823059082,"z":-8.682147979736329},"rotation":{"x":-0.27375391125679018,"y":0.6542081832885742,"z":-0.27606260776519778,"w":-0.6487370133399963},"size":29.777189254760743,"orthographic":false}